{"loss": 0.06798548996448517, "lr": 1e-05, "_timestamp": 1710907646.8694484, "_runtime": 77.18118643760681, "_step": 35, "_wandb": {"runtime": 78}}