{"acc": 0.8223369364451801, "loss": 0.18821867266443765, "_timestamp": 1710201445.384605, "_runtime": 3.5462348461151123, "_step": 7, "_wandb": {"runtime": 3}}