{"loss": 0.12829822301864624, "lr": 1e-05, "_timestamp": 1710907025.5462728, "_runtime": 201.56893181800842, "_step": 98, "_wandb": {"runtime": 202}}